520625000000,520600000000,印江土家族苗族自治县,county,3,520625,,0856,,f,f,f,108.409751,27.994246,01010000003620425C391A5B40C72DE6E786FE3B40,贵州省,铜仁市,印江土家族苗族自治县,,
520625001000,520625000000,峨岭街道办事处,town,4,520625,,,,f,f,f,,,,贵州省,铜仁市,印江土家族苗族自治县,峨岭街道办事处,
520625002000,520625000000,龙津街道办事处,town,4,520625,,0856,,f,f,f,108.401806,28.000147,01010000008A558330B7195B40483140A209003C40,贵州省,铜仁市,印江土家族苗族自治县,龙津街道办事处,
520625003000,520625000000,中兴街道办事处,town,4,520625,,0856,,f,f,f,108.339104,28.022581,0101000000577C43E1B3155B40CF8250DEC7053C40,贵州省,铜仁市,印江土家族苗族自治县,中兴街道办事处,
520625101000,520625000000,板溪镇,town,4,520625,,0856,,f,f,f,108.48408,28.08048,01010000007429AE2AFB1E5B406AFB57569A143C40,贵州省,铜仁市,印江土家族苗族自治县,板溪镇,
520625102000,520625000000,沙子坡镇,town,4,520625,,0856,,f,f,f,108.48071,28.2192,01010000000D37E0F3C31E5B408048BF7D1D383C40,贵州省,铜仁市,印江土家族苗族自治县,沙子坡镇,
520625103000,520625000000,天堂镇,town,4,520625,,0856,,f,f,f,108.55793,28.145809,010100000044DD0720B5235B40647616BD53253C40,贵州省,铜仁市,印江土家族苗族自治县,天堂镇,
520625104000,520625000000,木黄镇,town,4,520625,,0856,,f,f,f,108.69528,28.08477,01010000000664AF777F2C5B4092AE997CB3153C40,贵州省,铜仁市,印江土家族苗族自治县,木黄镇,
520625105000,520625000000,合水镇,town,4,520625,,0856,,f,f,f,108.55371,28.046039,0101000000F65D11FC6F235B402E573F36C90B3C40,贵州省,铜仁市,印江土家族苗族自治县,合水镇,
520625106000,520625000000,朗溪镇,town,4,520625,,0856,,f,f,f,108.482204,28.007762,010100000006802A6EDC1E5B40CC26C0B0FC013C40,贵州省,铜仁市,印江土家族苗族自治县,朗溪镇,
520625107000,520625000000,缠溪镇,town,4,520625,,0856,,f,f,f,108.464569,27.85891,0101000000116F9D7FBB1D5B4016359886E1DB3B40,贵州省,铜仁市,印江土家族苗族自治县,缠溪镇,
520625108000,520625000000,洋溪镇,town,4,520625,,0856,,f,f,f,108.506105,27.637634,0101000000E5D5390664205B4052D158FB3BA33B40,贵州省,铜仁市,印江土家族苗族自治县,洋溪镇,
520625109000,520625000000,新寨镇,town,4,520625,,0856,,f,f,f,108.373395,27.90648,01010000005B5F24B4E5175B40637AC2120FE83B40,贵州省,铜仁市,印江土家族苗族自治县,新寨镇,
520625110000,520625000000,杉树镇,town,4,520625,,0856,,f,f,f,108.41944,28.10989,010100000097A8DE1AD81A5B404E2844C0211C3C40,贵州省,铜仁市,印江土家族苗族自治县,杉树镇,
520625111000,520625000000,刀坝镇,town,4,520625,,0856,,f,f,f,108.58647,28.23298,0101000000738577B988255B40419FC893A43B3C40,贵州省,铜仁市,印江土家族苗族自治县,刀坝镇,
520625112000,520625000000,紫薇镇,town,4,520625,,0856,,f,f,f,108.584153,27.973476,01010000000FB743C362255B40DF701FB935F93B40,贵州省,铜仁市,印江土家族苗族自治县,紫薇镇,
520625113000,520625000000,杨柳镇,town,4,520625,,0856,,f,f,f,108.44128,27.677609,0101000000401878EE3D1C5B40AB798EC877AD3B40,贵州省,铜仁市,印江土家族苗族自治县,杨柳镇,
520625206000,520625000000,罗场乡,town,4,520625,,0856,,f,f,f,108.47207,27.918031,01010000000EDB1665361E5B40D4B6611404EB3B40,贵州省,铜仁市,印江土家族苗族自治县,罗场乡,
520625001001,520625001000,城南居委会,village,5,520625,,0856,121,f,f,f,108.412374,27.994209,010100000020EEEA55641A5B408D63247B84FE3B40,贵州省,铜仁市,印江土家族苗族自治县,峨岭街道办事处,城南居委会
520625001201,520625001000,峨岭村委会,village,5,520625,,,121,f,f,f,,,,贵州省,铜仁市,印江土家族苗族自治县,峨岭街道办事处,峨岭村委会
520625001202,520625001000,岩底村委会,village,5,520625,,,121,f,f,f,,,,贵州省,铜仁市,印江土家族苗族自治县,峨岭街道办事处,岩底村委会
520625001203,520625001000,坪兴村委会,village,5,520625,,,121,f,f,f,,,,贵州省,铜仁市,印江土家族苗族自治县,峨岭街道办事处,坪兴村委会
520625001204,520625001000,峨岭关村委会,village,5,520625,,,121,f,f,f,,,,贵州省,铜仁市,印江土家族苗族自治县,峨岭街道办事处,峨岭关村委会
520625001205,520625001000,同心村委会,village,5,520625,,,121,f,f,f,,,,贵州省,铜仁市,印江土家族苗族自治县,峨岭街道办事处,同心村委会
520625001206,520625001000,普同村委会,village,5,520625,,,121,f,f,f,,,,贵州省,铜仁市,印江土家族苗族自治县,峨岭街道办事处,普同村委会
520625001207,520625001000,黔溪村委会,village,5,520625,,,122,f,f,f,,,,贵州省,铜仁市,印江土家族苗族自治县,峨岭街道办事处,黔溪村委会
520625001208,520625001000,小泽村委会,village,5,520625,,,122,f,f,f,,,,贵州省,铜仁市,印江土家族苗族自治县,峨岭街道办事处,小泽村委会
520625001209,520625001000,上槽村委会,village,5,520625,,0856,122,f,f,f,108.360632,27.970775,010100000007793D9814175B403FC6DCB584F83B40,贵州省,铜仁市,印江土家族苗族自治县,峨岭街道办事处,上槽村委会
520625001210,520625001000,小云村委会,village,5,520625,,,122,f,f,f,,,,贵州省,铜仁市,印江土家族苗族自治县,峨岭街道办事处,小云村委会
520625001211,520625001000,大云村委会,village,5,520625,,,122,f,f,f,,,,贵州省,铜仁市,印江土家族苗族自治县,峨岭街道办事处,大云村委会
520625001212,520625001000,杨柳塘村委会,village,5,520625,,,220,f,f,f,,,,贵州省,铜仁市,印江土家族苗族自治县,峨岭街道办事处,杨柳塘村委会
520625001213,520625001000,青杠林村委会,village,5,520625,,,220,f,f,f,,,,贵州省,铜仁市,印江土家族苗族自治县,峨岭街道办事处,青杠林村委会
520625001214,520625001000,曾家坳村委会,village,5,520625,,,220,f,f,f,,,,贵州省,铜仁市,印江土家族苗族自治县,峨岭街道办事处,曾家坳村委会
520625001215,520625001000,塘池村委会,village,5,520625,,,220,f,f,f,,,,贵州省,铜仁市,印江土家族苗族自治县,峨岭街道办事处,塘池村委会
520625001216,520625001000,张家村委会,village,5,520625,,,122,f,f,f,,,,贵州省,铜仁市,印江土家族苗族自治县,峨岭街道办事处,张家村委会
520625001217,520625001000,川岩村委会,village,5,520625,,,122,f,f,f,,,,贵州省,铜仁市,印江土家族苗族自治县,峨岭街道办事处,川岩村委会
520625001218,520625001000,大尧村委会,village,5,520625,,,122,f,f,f,,,,贵州省,铜仁市,印江土家族苗族自治县,峨岭街道办事处,大尧村委会
520625002001,520625002000,城中居委会,village,5,520625,,0856,121,f,f,f,108.404211,27.9949,0101000000BE6BD097DE195B4058CA32C4B1FE3B40,贵州省,铜仁市,印江土家族苗族自治县,龙津街道办事处,城中居委会
520625002002,520625002000,城北居委会,village,5,520625,,0856,121,f,f,f,108.405798,28.003354,010100000010B22C98F8195B40904FC8CEDB003C40,贵州省,铜仁市,印江土家族苗族自治县,龙津街道办事处,城北居委会
520625002201,520625002000,红光村委会,village,5,520625,,,121,f,f,f,,,,贵州省,铜仁市,印江土家族苗族自治县,龙津街道办事处,红光村委会
520625002202,520625002000,甲山村委会,village,5,520625,,0856,121,f,f,f,108.386902,28.008781,010100000073309B00C3185B4080D3BB783F023C40,贵州省,铜仁市,印江土家族苗族自治县,龙津街道办事处,甲山村委会
520625002203,520625002000,黔江村委会,village,5,520625,,,121,f,f,f,,,,贵州省,铜仁市,印江土家族苗族自治县,龙津街道办事处,黔江村委会
520625002204,520625002000,桶溪村委会,village,5,520625,,,121,f,f,f,,,,贵州省,铜仁市,印江土家族苗族自治县,龙津街道办事处,桶溪村委会
520625002205,520625002000,长坡村委会,village,5,520625,,,122,f,f,f,,,,贵州省,铜仁市,印江土家族苗族自治县,龙津街道办事处,长坡村委会
520625002206,520625002000,江家坡村委会,village,5,520625,,,122,f,f,f,,,,贵州省,铜仁市,印江土家族苗族自治县,龙津街道办事处,江家坡村委会
520625002207,520625002000,贵江村委会,village,5,520625,,,122,f,f,f,,,,贵州省,铜仁市,印江土家族苗族自治县,龙津街道办事处,贵江村委会
520625002208,520625002000,龙溪村委会,village,5,520625,,,122,f,f,f,,,,贵州省,铜仁市,印江土家族苗族自治县,龙津街道办事处,龙溪村委会
520625002209,520625002000,丰良村委会,village,5,520625,,,122,f,f,f,,,,贵州省,铜仁市,印江土家族苗族自治县,龙津街道办事处,丰良村委会
520625002210,520625002000,桐子坪村委会,village,5,520625,,,220,f,f,f,,,,贵州省,铜仁市,印江土家族苗族自治县,龙津街道办事处,桐子坪村委会
520625002211,520625002000,杉木岭村委会,village,5,520625,,,220,f,f,f,,,,贵州省,铜仁市,印江土家族苗族自治县,龙津街道办事处,杉木岭村委会
520625002212,520625002000,石灰溪村委会,village,5,520625,,,122,f,f,f,,,,贵州省,铜仁市,印江土家族苗族自治县,龙津街道办事处,石灰溪村委会
520625002213,520625002000,大石村委会,village,5,520625,,,122,f,f,f,,,,贵州省,铜仁市,印江土家族苗族自治县,龙津街道办事处,大石村委会
520625002214,520625002000,和平村委会,village,5,520625,,,122,f,f,f,,,,贵州省,铜仁市,印江土家族苗族自治县,龙津街道办事处,和平村委会
520625002215,520625002000,大竹村委会,village,5,520625,,,122,f,f,f,,,,贵州省,铜仁市,印江土家族苗族自治县,龙津街道办事处,大竹村委会
520625002216,520625002000,幸福村委会,village,5,520625,,,122,f,f,f,,,,贵州省,铜仁市,印江土家族苗族自治县,龙津街道办事处,幸福村委会
520625002217,520625002000,麻柳村委会,village,5,520625,,,122,f,f,f,,,,贵州省,铜仁市,印江土家族苗族自治县,龙津街道办事处,麻柳村委会
520625003201,520625003000,中坝村委会,village,5,520625,,,121,f,f,f,,,,贵州省,铜仁市,印江土家族苗族自治县,中兴街道办事处,中坝村委会
520625003202,520625003000,大田村委会,village,5,520625,,,220,f,f,f,,,,贵州省,铜仁市,印江土家族苗族自治县,中兴街道办事处,大田村委会
520625003203,520625003000,堰塘村委会,village,5,520625,,,220,f,f,f,,,,贵州省,铜仁市,印江土家族苗族自治县,中兴街道办事处,堰塘村委会
520625003204,520625003000,陈香村委会,village,5,520625,,,220,f,f,f,,,,贵州省,铜仁市,印江土家族苗族自治县,中兴街道办事处,陈香村委会
520625003205,520625003000,富华村委会,village,5,520625,,,220,f,f,f,,,,贵州省,铜仁市,印江土家族苗族自治县,中兴街道办事处,富华村委会
520625003206,520625003000,天池村委会,village,5,520625,,,220,f,f,f,,,,贵州省,铜仁市,印江土家族苗族自治县,中兴街道办事处,天池村委会
520625003207,520625003000,大坑村委会,village,5,520625,,,220,f,f,f,,,,贵州省,铜仁市,印江土家族苗族自治县,中兴街道办事处,大坑村委会
520625003208,520625003000,蔓袍村委会,village,5,520625,,,122,f,f,f,,,,贵州省,铜仁市,印江土家族苗族自治县,中兴街道办事处,蔓袍村委会
520625003209,520625003000,小河村委会,village,5,520625,,,122,f,f,f,,,,贵州省,铜仁市,印江土家族苗族自治县,中兴街道办事处,小河村委会
520625003210,520625003000,夫子坝村委会,village,5,520625,,,122,f,f,f,,,,贵州省,铜仁市,印江土家族苗族自治县,中兴街道办事处,夫子坝村委会
520625003211,520625003000,罗星村委会,village,5,520625,,,220,f,f,f,,,,贵州省,铜仁市,印江土家族苗族自治县,中兴街道办事处,罗星村委会
520625003212,520625003000,虹穴村委会,village,5,520625,,,220,f,f,f,,,,贵州省,铜仁市,印江土家族苗族自治县,中兴街道办事处,虹穴村委会
520625003213,520625003000,官家村委会,village,5,520625,,,220,f,f,f,,,,贵州省,铜仁市,印江土家族苗族自治县,中兴街道办事处,官家村委会
520625003214,520625003000,杨家坪村委会,village,5,520625,,,220,f,f,f,,,,贵州省,铜仁市,印江土家族苗族自治县,中兴街道办事处,杨家坪村委会
520625003215,520625003000,魏家村委会,village,5,520625,,,220,f,f,f,,,,贵州省,铜仁市,印江土家族苗族自治县,中兴街道办事处,魏家村委会
520625003216,520625003000,土岩村委会,village,5,520625,,,220,f,f,f,,,,贵州省,铜仁市,印江土家族苗族自治县,中兴街道办事处,土岩村委会
520625003217,520625003000,双龟村委会,village,5,520625,,,220,f,f,f,,,,贵州省,铜仁市,印江土家族苗族自治县,中兴街道办事处,双龟村委会
520625003218,520625003000,土黄村委会,village,5,520625,,,220,f,f,f,,,,贵州省,铜仁市,印江土家族苗族自治县,中兴街道办事处,土黄村委会
520625101001,520625101000,板溪镇居委会,village,5,520625,,,121,f,f,f,,,,贵州省,铜仁市,印江土家族苗族自治县,板溪镇,板溪镇居委会
520625101201,520625101000,板溪村委会,village,5,520625,,,121,f,f,f,,,,贵州省,铜仁市,印江土家族苗族自治县,板溪镇,板溪村委会
520625101202,520625101000,高枧村委会,village,5,520625,,,220,f,f,f,,,,贵州省,铜仁市,印江土家族苗族自治县,板溪镇,高枧村委会
520625101203,520625101000,沙坡村委会,village,5,520625,,,122,f,f,f,,,,贵州省,铜仁市,印江土家族苗族自治县,板溪镇,沙坡村委会
520625101204,520625101000,凯塘村委会,village,5,520625,,,220,f,f,f,,,,贵州省,铜仁市,印江土家族苗族自治县,板溪镇,凯塘村委会
520625101205,520625101000,渠沟村委会,village,5,520625,,,220,f,f,f,,,,贵州省,铜仁市,印江土家族苗族自治县,板溪镇,渠沟村委会
520625101206,520625101000,杉林村委会,village,5,520625,,,220,f,f,f,,,,贵州省,铜仁市,印江土家族苗族自治县,板溪镇,杉林村委会
520625101207,520625101000,文武村委会,village,5,520625,,,122,f,f,f,,,,贵州省,铜仁市,印江土家族苗族自治县,板溪镇,文武村委会
520625101208,520625101000,泉溪村委会,village,5,520625,,,121,f,f,f,,,,贵州省,铜仁市,印江土家族苗族自治县,板溪镇,泉溪村委会
520625101209,520625101000,上洞村委会,village,5,520625,,,220,f,f,f,,,,贵州省,铜仁市,印江土家族苗族自治县,板溪镇,上洞村委会
520625101210,520625101000,下洞村委会,village,5,520625,,,220,f,f,f,,,,贵州省,铜仁市,印江土家族苗族自治县,板溪镇,下洞村委会
520625101211,520625101000,青山村委会,village,5,520625,,,220,f,f,f,,,,贵州省,铜仁市,印江土家族苗族自治县,板溪镇,青山村委会
520625101212,520625101000,大坪村委会,village,5,520625,,,220,f,f,f,,,,贵州省,铜仁市,印江土家族苗族自治县,板溪镇,大坪村委会
520625101213,520625101000,勤丰村委会,village,5,520625,,,220,f,f,f,,,,贵州省,铜仁市,印江土家族苗族自治县,板溪镇,勤丰村委会
520625101214,520625101000,坪底村委会,village,5,520625,,,220,f,f,f,,,,贵州省,铜仁市,印江土家族苗族自治县,板溪镇,坪底村委会
520625101215,520625101000,柿坪村委会,village,5,520625,,,220,f,f,f,,,,贵州省,铜仁市,印江土家族苗族自治县,板溪镇,柿坪村委会
520625101216,520625101000,井溪村委会,village,5,520625,,,220,f,f,f,,,,贵州省,铜仁市,印江土家族苗族自治县,板溪镇,井溪村委会
520625101217,520625101000,石塘村委会,village,5,520625,,,220,f,f,f,,,,贵州省,铜仁市,印江土家族苗族自治县,板溪镇,石塘村委会
520625101218,520625101000,台旺村委会,village,5,520625,,,220,f,f,f,,,,贵州省,铜仁市,印江土家族苗族自治县,板溪镇,台旺村委会
520625101219,520625101000,岩底村委会,village,5,520625,,,220,f,f,f,,,,贵州省,铜仁市,印江土家族苗族自治县,板溪镇,岩底村委会
520625101220,520625101000,老寨村委会,village,5,520625,,,220,f,f,f,,,,贵州省,铜仁市,印江土家族苗族自治县,板溪镇,老寨村委会
520625101221,520625101000,高坪村委会,village,5,520625,,,220,f,f,f,,,,贵州省,铜仁市,印江土家族苗族自治县,板溪镇,高坪村委会
520625101222,520625101000,毛寨村委会,village,5,520625,,,220,f,f,f,,,,贵州省,铜仁市,印江土家族苗族自治县,板溪镇,毛寨村委会
520625101223,520625101000,小毛寨村委会,village,5,520625,,,220,f,f,f,,,,贵州省,铜仁市,印江土家族苗族自治县,板溪镇,小毛寨村委会
520625101224,520625101000,米溪村委会,village,5,520625,,,220,f,f,f,,,,贵州省,铜仁市,印江土家族苗族自治县,板溪镇,米溪村委会
520625101225,520625101000,黔塘村委会,village,5,520625,,,220,f,f,f,,,,贵州省,铜仁市,印江土家族苗族自治县,板溪镇,黔塘村委会
520625101226,520625101000,王家村委会,village,5,520625,,,220,f,f,f,,,,贵州省,铜仁市,印江土家族苗族自治县,板溪镇,王家村委会
520625101227,520625101000,柏果村委会,village,5,520625,,,220,f,f,f,,,,贵州省,铜仁市,印江土家族苗族自治县,板溪镇,柏果村委会
520625101228,520625101000,联合村委会,village,5,520625,,,220,f,f,f,,,,贵州省,铜仁市,印江土家族苗族自治县,板溪镇,联合村委会
520625101229,520625101000,龙井坝村委会,village,5,520625,,,220,f,f,f,,,,贵州省,铜仁市,印江土家族苗族自治县,板溪镇,龙井坝村委会
520625101230,520625101000,黎树坪村委会,village,5,520625,,,220,f,f,f,,,,贵州省,铜仁市,印江土家族苗族自治县,板溪镇,黎树坪村委会
520625102201,520625102000,桂花村委会,village,5,520625,,,121,f,f,f,,,,贵州省,铜仁市,印江土家族苗族自治县,沙子坡镇,桂花村委会
520625102202,520625102000,竹元村委会,village,5,520625,,,121,f,f,f,,,,贵州省,铜仁市,印江土家族苗族自治县,沙子坡镇,竹元村委会
520625102203,520625102000,天星村委会,village,5,520625,,,220,f,f,f,,,,贵州省,铜仁市,印江土家族苗族自治县,沙子坡镇,天星村委会
520625102204,520625102000,石槽村委会,village,5,520625,,,220,f,f,f,,,,贵州省,铜仁市,印江土家族苗族自治县,沙子坡镇,石槽村委会
520625102205,520625102000,马家庄村委会,village,5,520625,,,220,f,f,f,,,,贵州省,铜仁市,印江土家族苗族自治县,沙子坡镇,马家庄村委会
520625102206,520625102000,池坝村委会,village,5,520625,,,220,f,f,f,,,,贵州省,铜仁市,印江土家族苗族自治县,沙子坡镇,池坝村委会
520625102207,520625102000,红木村委会,village,5,520625,,,121,f,f,f,,,,贵州省,铜仁市,印江土家族苗族自治县,沙子坡镇,红木村委会
520625102208,520625102000,塘口村委会,village,5,520625,,,220,f,f,f,,,,贵州省,铜仁市,印江土家族苗族自治县,沙子坡镇,塘口村委会
520625102209,520625102000,十字村委会,village,5,520625,,,220,f,f,f,,,,贵州省,铜仁市,印江土家族苗族自治县,沙子坡镇,十字村委会
520625102210,520625102000,青球村委会,village,5,520625,,,220,f,f,f,,,,贵州省,铜仁市,印江土家族苗族自治县,沙子坡镇,青球村委会
520625102211,520625102000,六洞村委会,village,5,520625,,,220,f,f,f,,,,贵州省,铜仁市,印江土家族苗族自治县,沙子坡镇,六洞村委会
520625102212,520625102000,红星村委会,village,5,520625,,,220,f,f,f,,,,贵州省,铜仁市,印江土家族苗族自治县,沙子坡镇,红星村委会
520625102213,520625102000,凉水村委会,village,5,520625,,,220,f,f,f,,,,贵州省,铜仁市,印江土家族苗族自治县,沙子坡镇,凉水村委会
520625102214,520625102000,炉塘村委会,village,5,520625,,,220,f,f,f,,,,贵州省,铜仁市,印江土家族苗族自治县,沙子坡镇,炉塘村委会
520625102215,520625102000,韩家村委会,village,5,520625,,,220,f,f,f,,,,贵州省,铜仁市,印江土家族苗族自治县,沙子坡镇,韩家村委会
520625102216,520625102000,冷草村委会,village,5,520625,,,220,f,f,f,,,,贵州省,铜仁市,印江土家族苗族自治县,沙子坡镇,冷草村委会
520625102217,520625102000,四坳村委会,village,5,520625,,,220,f,f,f,,,,贵州省,铜仁市,印江土家族苗族自治县,沙子坡镇,四坳村委会
520625102218,520625102000,石坪村委会,village,5,520625,,,220,f,f,f,,,,贵州省,铜仁市,印江土家族苗族自治县,沙子坡镇,石坪村委会
520625102219,520625102000,邱家村委会,village,5,520625,,,220,f,f,f,,,,贵州省,铜仁市,印江土家族苗族自治县,沙子坡镇,邱家村委会
520625102220,520625102000,庹家村委会,village,5,520625,,,220,f,f,f,,,,贵州省,铜仁市,印江土家族苗族自治县,沙子坡镇,庹家村委会
520625103001,520625103000,天堂镇居委会,village,5,520625,,,121,f,f,f,,,,贵州省,铜仁市,印江土家族苗族自治县,天堂镇,天堂镇居委会
520625103201,520625103000,天堂村委会,village,5,520625,,,121,f,f,f,,,,贵州省,铜仁市,印江土家族苗族自治县,天堂镇,天堂村委会
520625103202,520625103000,白岩村委会,village,5,520625,,,220,f,f,f,,,,贵州省,铜仁市,印江土家族苗族自治县,天堂镇,白岩村委会
520625103203,520625103000,花岩村委会,village,5,520625,,,220,f,f,f,,,,贵州省,铜仁市,印江土家族苗族自治县,天堂镇,花岩村委会
520625103204,520625103000,红山村委会,village,5,520625,,,220,f,f,f,,,,贵州省,铜仁市,印江土家族苗族自治县,天堂镇,红山村委会
520625103205,520625103000,中团村委会,village,5,520625,,,220,f,f,f,,,,贵州省,铜仁市,印江土家族苗族自治县,天堂镇,中团村委会
520625103206,520625103000,凉风村委会,village,5,520625,,,121,f,f,f,,,,贵州省,铜仁市,印江土家族苗族自治县,天堂镇,凉风村委会
520625103207,520625103000,百户村委会,village,5,520625,,,220,f,f,f,,,,贵州省,铜仁市,印江土家族苗族自治县,天堂镇,百户村委会
520625103208,520625103000,开兴村委会,village,5,520625,,,121,f,f,f,,,,贵州省,铜仁市,印江土家族苗族自治县,天堂镇,开兴村委会
520625103209,520625103000,马井村委会,village,5,520625,,,220,f,f,f,,,,贵州省,铜仁市,印江土家族苗族自治县,天堂镇,马井村委会
520625103210,520625103000,印朝村委会,village,5,520625,,,220,f,f,f,,,,贵州省,铜仁市,印江土家族苗族自治县,天堂镇,印朝村委会
520625103211,520625103000,红溪村委会,village,5,520625,,,220,f,f,f,,,,贵州省,铜仁市,印江土家族苗族自治县,天堂镇,红溪村委会
520625103212,520625103000,曹家村委会,village,5,520625,,,220,f,f,f,,,,贵州省,铜仁市,印江土家族苗族自治县,天堂镇,曹家村委会
520625103213,520625103000,民丰村委会,village,5,520625,,,220,f,f,f,,,,贵州省,铜仁市,印江土家族苗族自治县,天堂镇,民丰村委会
520625103214,520625103000,沙坝村委会,village,5,520625,,,220,f,f,f,,,,贵州省,铜仁市,印江土家族苗族自治县,天堂镇,沙坝村委会
520625103215,520625103000,新泉村委会,village,5,520625,,,220,f,f,f,,,,贵州省,铜仁市,印江土家族苗族自治县,天堂镇,新泉村委会
520625103216,520625103000,九龙村委会,village,5,520625,,,220,f,f,f,,,,贵州省,铜仁市,印江土家族苗族自治县,天堂镇,九龙村委会
520625103217,520625103000,陡溪村委会,village,5,520625,,,220,f,f,f,,,,贵州省,铜仁市,印江土家族苗族自治县,天堂镇,陡溪村委会
520625103218,520625103000,木根村委会,village,5,520625,,,220,f,f,f,,,,贵州省,铜仁市,印江土家族苗族自治县,天堂镇,木根村委会
520625103219,520625103000,明光村委会,village,5,520625,,,220,f,f,f,,,,贵州省,铜仁市,印江土家族苗族自治县,天堂镇,明光村委会
520625103220,520625103000,雀鸣村委会,village,5,520625,,,220,f,f,f,,,,贵州省,铜仁市,印江土家族苗族自治县,天堂镇,雀鸣村委会
520625103221,520625103000,茶园村委会,village,5,520625,,,220,f,f,f,,,,贵州省,铜仁市,印江土家族苗族自治县,天堂镇,茶园村委会
520625103222,520625103000,大院村委会,village,5,520625,,,220,f,f,f,,,,贵州省,铜仁市,印江土家族苗族自治县,天堂镇,大院村委会
520625103223,520625103000,金城村委会,village,5,520625,,,220,f,f,f,,,,贵州省,铜仁市,印江土家族苗族自治县,天堂镇,金城村委会
520625103224,520625103000,坳沟村委会,village,5,520625,,,220,f,f,f,,,,贵州省,铜仁市,印江土家族苗族自治县,天堂镇,坳沟村委会
520625103225,520625103000,转龙村委会,village,5,520625,,,220,f,f,f,,,,贵州省,铜仁市,印江土家族苗族自治县,天堂镇,转龙村委会
520625103226,520625103000,水田村委会,village,5,520625,,,220,f,f,f,,,,贵州省,铜仁市,印江土家族苗族自治县,天堂镇,水田村委会
520625103227,520625103000,中尧村委会,village,5,520625,,,220,f,f,f,,,,贵州省,铜仁市,印江土家族苗族自治县,天堂镇,中尧村委会
520625104001,520625104000,木黄镇居委会,village,5,520625,,,121,f,f,f,,,,贵州省,铜仁市,印江土家族苗族自治县,木黄镇,木黄镇居委会
520625104201,520625104000,木黄村委会,village,5,520625,,,121,f,f,f,,,,贵州省,铜仁市,印江土家族苗族自治县,木黄镇,木黄村委会
520625104202,520625104000,官塘村委会,village,5,520625,,,121,f,f,f,,,,贵州省,铜仁市,印江土家族苗族自治县,木黄镇,官塘村委会
520625104203,520625104000,五甲村委会,village,5,520625,,,121,f,f,f,,,,贵州省,铜仁市,印江土家族苗族自治县,木黄镇,五甲村委会
520625104204,520625104000,老寨村委会,village,5,520625,,,121,f,f,f,,,,贵州省,铜仁市,印江土家族苗族自治县,木黄镇,老寨村委会
520625104205,520625104000,地茶村委会,village,5,520625,,,220,f,f,f,,,,贵州省,铜仁市,印江土家族苗族自治县,木黄镇,地茶村委会
520625104206,520625104000,三合村委会,village,5,520625,,,220,f,f,f,,,,贵州省,铜仁市,印江土家族苗族自治县,木黄镇,三合村委会
520625104207,520625104000,革底村委会,village,5,520625,,,220,f,f,f,,,,贵州省,铜仁市,印江土家族苗族自治县,木黄镇,革底村委会
520625104208,520625104000,岑阳村委会,village,5,520625,,,220,f,f,f,,,,贵州省,铜仁市,印江土家族苗族自治县,木黄镇,岑阳村委会
520625104209,520625104000,李家沟村委会,village,5,520625,,,220,f,f,f,,,,贵州省,铜仁市,印江土家族苗族自治县,木黄镇,李家沟村委会
520625104210,520625104000,张家沟村委会,village,5,520625,,,220,f,f,f,,,,贵州省,铜仁市,印江土家族苗族自治县,木黄镇,张家沟村委会
520625104211,520625104000,阳坝村委会,village,5,520625,,0856,220,f,f,f,108.672877,28.09304,0101000000C24EB16A102B5B4047382D78D1173C40,贵州省,铜仁市,印江土家族苗族自治县,木黄镇,阳坝村委会
520625104212,520625104000,金星村委会,village,5,520625,,,220,f,f,f,,,,贵州省,铜仁市,印江土家族苗族自治县,木黄镇,金星村委会
520625104213,520625104000,金厂村委会,village,5,520625,,,220,f,f,f,,,,贵州省,铜仁市,印江土家族苗族自治县,木黄镇,金厂村委会
520625104214,520625104000,昔坪村委会,village,5,520625,,,220,f,f,f,,,,贵州省,铜仁市,印江土家族苗族自治县,木黄镇,昔坪村委会
520625104215,520625104000,盘龙村委会,village,5,520625,,,220,f,f,f,,,,贵州省,铜仁市,印江土家族苗族自治县,木黄镇,盘龙村委会
520625104216,520625104000,凤仪村委会,village,5,520625,,,220,f,f,f,,,,贵州省,铜仁市,印江土家族苗族自治县,木黄镇,凤仪村委会
520625104217,520625104000,燕子岩村委会,village,5,520625,,,220,f,f,f,,,,贵州省,铜仁市,印江土家族苗族自治县,木黄镇,燕子岩村委会
520625104218,520625104000,乌溪村委会,village,5,520625,,,220,f,f,f,,,,贵州省,铜仁市,印江土家族苗族自治县,木黄镇,乌溪村委会
520625104219,520625104000,木盆村委会,village,5,520625,,,220,f,f,f,,,,贵州省,铜仁市,印江土家族苗族自治县,木黄镇,木盆村委会
520625104220,520625104000,大坳村委会,village,5,520625,,,220,f,f,f,,,,贵州省,铜仁市,印江土家族苗族自治县,木黄镇,大坳村委会
520625104221,520625104000,桅杆村委会,village,5,520625,,,220,f,f,f,,,,贵州省,铜仁市,印江土家族苗族自治县,木黄镇,桅杆村委会
520625104222,520625104000,高山村委会,village,5,520625,,,220,f,f,f,,,,贵州省,铜仁市,印江土家族苗族自治县,木黄镇,高山村委会
520625104223,520625104000,乌巢村委会,village,5,520625,,,220,f,f,f,,,,贵州省,铜仁市,印江土家族苗族自治县,木黄镇,乌巢村委会
520625104224,520625104000,新光村委会,village,5,520625,,,220,f,f,f,,,,贵州省,铜仁市,印江土家族苗族自治县,木黄镇,新光村委会
520625104225,520625104000,荣光村委会,village,5,520625,,,220,f,f,f,,,,贵州省,铜仁市,印江土家族苗族自治县,木黄镇,荣光村委会
520625104226,520625104000,坪洞口村委会,village,5,520625,,,220,f,f,f,,,,贵州省,铜仁市,印江土家族苗族自治县,木黄镇,坪洞口村委会
520625104227,520625104000,七百渡村委会,village,5,520625,,,220,f,f,f,,,,贵州省,铜仁市,印江土家族苗族自治县,木黄镇,七百渡村委会
520625104228,520625104000,木良村委会,village,5,520625,,,220,f,f,f,,,,贵州省,铜仁市,印江土家族苗族自治县,木黄镇,木良村委会
520625104229,520625104000,文昌村委会,village,5,520625,,,220,f,f,f,,,,贵州省,铜仁市,印江土家族苗族自治县,木黄镇,文昌村委会
520625104230,520625104000,后河村委会,village,5,520625,,,220,f,f,f,,,,贵州省,铜仁市,印江土家族苗族自治县,木黄镇,后河村委会
520625104231,520625104000,上寨村委会,village,5,520625,,,220,f,f,f,,,,贵州省,铜仁市,印江土家族苗族自治县,木黄镇,上寨村委会
520625104232,520625104000,落坳村委会,village,5,520625,,,220,f,f,f,,,,贵州省,铜仁市,印江土家族苗族自治县,木黄镇,落坳村委会
520625104233,520625104000,格山村委会,village,5,520625,,,220,f,f,f,,,,贵州省,铜仁市,印江土家族苗族自治县,木黄镇,格山村委会
520625104234,520625104000,双林村委会,village,5,520625,,,220,f,f,f,,,,贵州省,铜仁市,印江土家族苗族自治县,木黄镇,双林村委会
520625104235,520625104000,丰塘村委会,village,5,520625,,,220,f,f,f,,,,贵州省,铜仁市,印江土家族苗族自治县,木黄镇,丰塘村委会
520625104236,520625104000,中河村委会,village,5,520625,,,220,f,f,f,,,,贵州省,铜仁市,印江土家族苗族自治县,木黄镇,中河村委会
520625104237,520625104000,锅厂村委会,village,5,520625,,,220,f,f,f,,,,贵州省,铜仁市,印江土家族苗族自治县,木黄镇,锅厂村委会
520625104238,520625104000,边山村委会,village,5,520625,,,220,f,f,f,,,,贵州省,铜仁市,印江土家族苗族自治县,木黄镇,边山村委会
520625104239,520625104000,坪坝村委会,village,5,520625,,,220,f,f,f,,,,贵州省,铜仁市,印江土家族苗族自治县,木黄镇,坪坝村委会
520625104240,520625104000,铁厂村委会,village,5,520625,,,220,f,f,f,,,,贵州省,铜仁市,印江土家族苗族自治县,木黄镇,铁厂村委会
520625104241,520625104000,居龙村委会,village,5,520625,,,220,f,f,f,,,,贵州省,铜仁市,印江土家族苗族自治县,木黄镇,居龙村委会
520625104242,520625104000,坪所村委会,village,5,520625,,,220,f,f,f,,,,贵州省,铜仁市,印江土家族苗族自治县,木黄镇,坪所村委会
520625104243,520625104000,芙蓉村委会,village,5,520625,,,220,f,f,f,,,,贵州省,铜仁市,印江土家族苗族自治县,木黄镇,芙蓉村委会
520625105201,520625105000,合水村委会,village,5,520625,,,121,f,f,f,,,,贵州省,铜仁市,印江土家族苗族自治县,合水镇,合水村委会
520625105202,520625105000,大昔村委会,village,5,520625,,,121,f,f,f,,,,贵州省,铜仁市,印江土家族苗族自治县,合水镇,大昔村委会
520625105203,520625105000,三坪村委会,village,5,520625,,,121,f,f,f,,,,贵州省,铜仁市,印江土家族苗族自治县,合水镇,三坪村委会
520625105204,520625105000,新槽村委会,village,5,520625,,,220,f,f,f,,,,贵州省,铜仁市,印江土家族苗族自治县,合水镇,新槽村委会
520625105205,520625105000,新台村委会,village,5,520625,,,220,f,f,f,,,,贵州省,铜仁市,印江土家族苗族自治县,合水镇,新台村委会
520625105206,520625105000,兴旺村委会,village,5,520625,,,121,f,f,f,,,,贵州省,铜仁市,印江土家族苗族自治县,合水镇,兴旺村委会
520625105207,520625105000,木腊村委会,village,5,520625,,,220,f,f,f,,,,贵州省,铜仁市,印江土家族苗族自治县,合水镇,木腊村委会
520625105208,520625105000,香树坪村委会,village,5,520625,,,220,f,f,f,,,,贵州省,铜仁市,印江土家族苗族自治县,合水镇,香树坪村委会
520625105209,520625105000,新莲村委会,village,5,520625,,,121,f,f,f,,,,贵州省,铜仁市,印江土家族苗族自治县,合水镇,新莲村委会
520625105210,520625105000,坪峨村委会,village,5,520625,,,220,f,f,f,,,,贵州省,铜仁市,印江土家族苗族自治县,合水镇,坪峨村委会
520625105211,520625105000,鱼泉村委会,village,5,520625,,,220,f,f,f,,,,贵州省,铜仁市,印江土家族苗族自治县,合水镇,鱼泉村委会
520625105212,520625105000,水转村委会,village,5,520625,,,220,f,f,f,,,,贵州省,铜仁市,印江土家族苗族自治县,合水镇,水转村委会
520625105213,520625105000,白元村委会,village,5,520625,,,220,f,f,f,,,,贵州省,铜仁市,印江土家族苗族自治县,合水镇,白元村委会
520625105214,520625105000,小杉木村委会,village,5,520625,,,220,f,f,f,,,,贵州省,铜仁市,印江土家族苗族自治县,合水镇,小杉木村委会
520625105215,520625105000,高寨村委会,village,5,520625,,,121,f,f,f,,,,贵州省,铜仁市,印江土家族苗族自治县,合水镇,高寨村委会
520625105216,520625105000,坪楼村委会,village,5,520625,,,220,f,f,f,,,,贵州省,铜仁市,印江土家族苗族自治县,合水镇,坪楼村委会
520625105217,520625105000,亚子坝村委会,village,5,520625,,,220,f,f,f,,,,贵州省,铜仁市,印江土家族苗族自治县,合水镇,亚子坝村委会
520625105218,520625105000,汤家井村委会,village,5,520625,,,220,f,f,f,,,,贵州省,铜仁市,印江土家族苗族自治县,合水镇,汤家井村委会
520625105219,520625105000,新场村委会,village,5,520625,,,220,f,f,f,,,,贵州省,铜仁市,印江土家族苗族自治县,合水镇,新场村委会
520625105220,520625105000,普子村委会,village,5,520625,,,220,f,f,f,,,,贵州省,铜仁市,印江土家族苗族自治县,合水镇,普子村委会
520625105221,520625105000,茶罗村委会,village,5,520625,,,220,f,f,f,,,,贵州省,铜仁市,印江土家族苗族自治县,合水镇,茶罗村委会
520625105222,520625105000,大堡村委会,village,5,520625,,,220,f,f,f,,,,贵州省,铜仁市,印江土家族苗族自治县,合水镇,大堡村委会
520625105223,520625105000,符家沟村委会,village,5,520625,,,220,f,f,f,,,,贵州省,铜仁市,印江土家族苗族自治县,合水镇,符家沟村委会
520625105224,520625105000,官庄村委会,village,5,520625,,,220,f,f,f,,,,贵州省,铜仁市,印江土家族苗族自治县,合水镇,官庄村委会
520625105225,520625105000,石万村委会,village,5,520625,,,220,f,f,f,,,,贵州省,铜仁市,印江土家族苗族自治县,合水镇,石万村委会
520625105226,520625105000,洛佑村委会,village,5,520625,,,220,f,f,f,,,,贵州省,铜仁市,印江土家族苗族自治县,合水镇,洛佑村委会
520625105227,520625105000,羊角老村委会,village,5,520625,,,220,f,f,f,,,,贵州省,铜仁市,印江土家族苗族自治县,合水镇,羊角老村委会
520625105228,520625105000,龙洞村委会,village,5,520625,,,220,f,f,f,,,,贵州省,铜仁市,印江土家族苗族自治县,合水镇,龙洞村委会
520625105229,520625105000,土硐村委会,village,5,520625,,,220,f,f,f,,,,贵州省,铜仁市,印江土家族苗族自治县,合水镇,土硐村委会
520625106001,520625106000,朗溪镇居委会,village,5,520625,,,121,f,f,f,,,,贵州省,铜仁市,印江土家族苗族自治县,朗溪镇,朗溪镇居委会
520625106201,520625106000,朗溪村委会,village,5,520625,,,121,f,f,f,,,,贵州省,铜仁市,印江土家族苗族自治县,朗溪镇,朗溪村委会
520625106202,520625106000,白沙村委会,village,5,520625,,,220,f,f,f,,,,贵州省,铜仁市,印江土家族苗族自治县,朗溪镇,白沙村委会
520625106203,520625106000,孟关村委会,village,5,520625,,,121,f,f,f,,,,贵州省,铜仁市,印江土家族苗族自治县,朗溪镇,孟关村委会
520625106204,520625106000,河西村委会,village,5,520625,,,121,f,f,f,,,,贵州省,铜仁市,印江土家族苗族自治县,朗溪镇,河西村委会
520625106205,520625106000,昔卜村委会,village,5,520625,,0856,121,f,f,f,108.494961,28.027571,0101000000E9F2E670AD1F5B4069519FE40E073C40,贵州省,铜仁市,印江土家族苗族自治县,朗溪镇,昔卜村委会
520625106206,520625106000,三村村委会,village,5,520625,,,220,f,f,f,,,,贵州省,铜仁市,印江土家族苗族自治县,朗溪镇,三村村委会
520625106207,520625106000,打铁坳村委会,village,5,520625,,,121,f,f,f,,,,贵州省,铜仁市,印江土家族苗族自治县,朗溪镇,打铁坳村委会
520625106208,520625106000,坪柳村委会,village,5,520625,,,220,f,f,f,,,,贵州省,铜仁市,印江土家族苗族自治县,朗溪镇,坪柳村委会
520625106209,520625106000,屋基坪村委会,village,5,520625,,,220,f,f,f,,,,贵州省,铜仁市,印江土家族苗族自治县,朗溪镇,屋基坪村委会
520625106210,520625106000,坪阳村委会,village,5,520625,,,220,f,f,f,,,,贵州省,铜仁市,印江土家族苗族自治县,朗溪镇,坪阳村委会
520625106211,520625106000,甘龙村委会,village,5,520625,,,220,f,f,f,,,,贵州省,铜仁市,印江土家族苗族自治县,朗溪镇,甘龙村委会
520625106212,520625106000,铁家村委会,village,5,520625,,,220,f,f,f,,,,贵州省,铜仁市,印江土家族苗族自治县,朗溪镇,铁家村委会
520625106213,520625106000,泡木村委会,village,5,520625,,,220,f,f,f,,,,贵州省,铜仁市,印江土家族苗族自治县,朗溪镇,泡木村委会
520625106214,520625106000,塘岸村委会,village,5,520625,,,220,f,f,f,,,,贵州省,铜仁市,印江土家族苗族自治县,朗溪镇,塘岸村委会
520625107001,520625107000,缠溪居委会,village,5,520625,,,121,f,f,f,,,,贵州省,铜仁市,印江土家族苗族自治县,缠溪镇,缠溪居委会
520625107201,520625107000,缠溪村委会,village,5,520625,,,121,f,f,f,,,,贵州省,铜仁市,印江土家族苗族自治县,缠溪镇,缠溪村委会
520625107202,520625107000,驷马村委会,village,5,520625,,,220,f,f,f,,,,贵州省,铜仁市,印江土家族苗族自治县,缠溪镇,驷马村委会
520625107203,520625107000,双龙村委会,village,5,520625,,0856,121,f,f,f,108.471545,27.852672,0101000000E96514CB2D1E5B40043752B648DA3B40,贵州省,铜仁市,印江土家族苗族自治县,缠溪镇,双龙村委会
520625107204,520625107000,两路口村委会,village,5,520625,,,220,f,f,f,,,,贵州省,铜仁市,印江土家族苗族自治县,缠溪镇,两路口村委会
520625107205,520625107000,湄坨村委会,village,5,520625,,,220,f,f,f,,,,贵州省,铜仁市,印江土家族苗族自治县,缠溪镇,湄坨村委会
520625107206,520625107000,水塘村,village,5,520625,,0856,220,f,f,f,108.441216,27.808354,0101000000349E08E23C1C5B403E97A949F0CE3B40,贵州省,铜仁市,印江土家族苗族自治县,缠溪镇,水塘村
520625107207,520625107000,下铺子村,village,5,520625,,0856,121,f,f,f,108.450818,27.856662,0101000000AE9CBD33DA1C5B40D8B969334EDB3B40,贵州省,铜仁市,印江土家族苗族自治县,缠溪镇,下铺子村
520625107208,520625107000,新阁村,village,5,520625,,0856,220,f,f,f,108.478434,27.839273,0101000000D8D2A3A99E1E5B40726A6798DAD63B40,贵州省,铜仁市,印江土家族苗族自治县,缠溪镇,新阁村
520625107209,520625107000,黎坪村,village,5,520625,,,121,f,f,f,,,,贵州省,铜仁市,印江土家族苗族自治县,缠溪镇,黎坪村
520625107210,520625107000,群丰村,village,5,520625,,0856,220,f,f,f,108.462947,27.876804,0101000000013274ECA01D5B408200193A76E03B40,贵州省,铜仁市,印江土家族苗族自治县,缠溪镇,群丰村
520625107211,520625107000,枫香坪村,village,5,520625,,0856,220,f,f,f,108.418406,27.867919,0101000000D09CF529C71A5B40B89388F02FDE3B40,贵州省,铜仁市,印江土家族苗族自治县,缠溪镇,枫香坪村
520625107212,520625107000,甘家寨村,village,5,520625,,,220,f,f,f,,,,贵州省,铜仁市,印江土家族苗族自治县,缠溪镇,甘家寨村
520625107213,520625107000,方家岭村,village,5,520625,,0856,220,f,f,f,108.476254,27.818591,0101000000B5A50EF27A1E5B40C9CC052E8FD13B40,贵州省,铜仁市,印江土家族苗族自治县,缠溪镇,方家岭村
520625107214,520625107000,楠木坪村,village,5,520625,,0856,220,f,f,f,108.481742,27.793018,010100000004C765DCD41E5B40AB23473A03CB3B40,贵州省,铜仁市,印江土家族苗族自治县,缠溪镇,楠木坪村
520625107215,520625107000,许家寨村,village,5,520625,,0856,220,f,f,f,108.470502,27.804044,0101000000F7AC6BB41C1E5B40878BDCD3D5CD3B40,贵州省,铜仁市,印江土家族苗族自治县,缠溪镇,许家寨村
520625107216,520625107000,塘房岭村,village,5,520625,,,220,f,f,f,,,,贵州省,铜仁市,印江土家族苗族自治县,缠溪镇,塘房岭村
520625107217,520625107000,客店沟村,village,5,520625,,0856,220,f,f,f,108.480464,27.783531,0101000000F1B913ECBF1E5B40F566D47C95C83B40,贵州省,铜仁市,印江土家族苗族自治县,缠溪镇,客店沟村
520625107218,520625107000,柳塘村,village,5,520625,,0856,220,f,f,f,108.50759,27.866267,0101000000B471C45A7C205B40A29A92ACC3DD3B40,贵州省,铜仁市,印江土家族苗族自治县,缠溪镇,柳塘村
520625107219,520625107000,周家湾村,village,5,520625,,0856,220,f,f,f,108.497088,27.872933,0101000000FBCE2F4AD01F5B4063997E8978DF3B40,贵州省,铜仁市,印江土家族苗族自治县,缠溪镇,周家湾村
520625107220,520625107000,周家坳村,village,5,520625,,0856,220,f,f,f,108.502239,27.855111,0101000000A6F10BAF24205B402A73F38DE8DA3B40,贵州省,铜仁市,印江土家族苗族自治县,缠溪镇,周家坳村
520625107221,520625107000,冷水溪村,village,5,520625,,0856,220,f,f,f,108.540643,27.841276,0101000000EDF318E599225B40E2E82ADD5DD73B40,贵州省,铜仁市,印江土家族苗族自治县,缠溪镇,冷水溪村
520625107222,520625107000,楠星村,village,5,520625,,0856,220,f,f,f,108.494179,27.821493,0101000000AED7F4A0A01F5B4097E4805D4DD23B40,贵州省,铜仁市,印江土家族苗族自治县,缠溪镇,楠星村
520625107223,520625107000,土坪村,village,5,520625,,0856,220,f,f,f,108.501699,27.828349,0101000000E65B1FD61B205B409FAC18AE0ED43B40,贵州省,铜仁市,印江土家族苗族自治县,缠溪镇,土坪村
520625108001,520625108000,洋溪镇居委会,village,5,520625,,,121,f,f,f,,,,贵州省,铜仁市,印江土家族苗族自治县,洋溪镇,洋溪镇居委会
520625108201,520625108000,洋溪村委会,village,5,520625,,,121,f,f,f,,,,贵州省,铜仁市,印江土家族苗族自治县,洋溪镇,洋溪村委会
520625108202,520625108000,新阳村委会,village,5,520625,,,121,f,f,f,,,,贵州省,铜仁市,印江土家族苗族自治县,洋溪镇,新阳村委会
520625108203,520625108000,冷水村委会,village,5,520625,,,220,f,f,f,,,,贵州省,铜仁市,印江土家族苗族自治县,洋溪镇,冷水村委会
520625108204,520625108000,曾心村委会,village,5,520625,,,121,f,f,f,,,,贵州省,铜仁市,印江土家族苗族自治县,洋溪镇,曾心村委会
520625108205,520625108000,新黔村委会,village,5,520625,,,121,f,f,f,,,,贵州省,铜仁市,印江土家族苗族自治县,洋溪镇,新黔村委会
520625108206,520625108000,合心村委会,village,5,520625,,,220,f,f,f,,,,贵州省,铜仁市,印江土家族苗族自治县,洋溪镇,合心村委会
520625108207,520625108000,小溪村委会,village,5,520625,,,220,f,f,f,,,,贵州省,铜仁市,印江土家族苗族自治县,洋溪镇,小溪村委会
520625108208,520625108000,双龙村委会,village,5,520625,,0856,220,f,f,f,108.471545,27.852672,0101000000E96514CB2D1E5B40043752B648DA3B40,贵州省,铜仁市,印江土家族苗族自治县,洋溪镇,双龙村委会
520625108209,520625108000,银坳村委会,village,5,520625,,,220,f,f,f,,,,贵州省,铜仁市,印江土家族苗族自治县,洋溪镇,银坳村委会
520625108210,520625108000,山岔村委会,village,5,520625,,,220,f,f,f,,,,贵州省,铜仁市,印江土家族苗族自治县,洋溪镇,山岔村委会
520625108211,520625108000,王家坡村委会,village,5,520625,,,220,f,f,f,,,,贵州省,铜仁市,印江土家族苗族自治县,洋溪镇,王家坡村委会
520625108212,520625108000,柏杨村委会,village,5,520625,,,220,f,f,f,,,,贵州省,铜仁市,印江土家族苗族自治县,洋溪镇,柏杨村委会
520625108213,520625108000,坪林村委会,village,5,520625,,,220,f,f,f,,,,贵州省,铜仁市,印江土家族苗族自治县,洋溪镇,坪林村委会
520625108214,520625108000,蒋家坝村委会,village,5,520625,,,220,f,f,f,,,,贵州省,铜仁市,印江土家族苗族自治县,洋溪镇,蒋家坝村委会
520625108215,520625108000,桅杆村委会,village,5,520625,,,220,f,f,f,,,,贵州省,铜仁市,印江土家族苗族自治县,洋溪镇,桅杆村委会
520625109201,520625109000,新寨村委会,village,5,520625,,,121,f,f,f,,,,贵州省,铜仁市,印江土家族苗族自治县,新寨镇,新寨村委会
520625109202,520625109000,团山村委会,village,5,520625,,,121,f,f,f,,,,贵州省,铜仁市,印江土家族苗族自治县,新寨镇,团山村委会
520625109203,520625109000,善都村委会,village,5,520625,,,121,f,f,f,,,,贵州省,铜仁市,印江土家族苗族自治县,新寨镇,善都村委会
520625109204,520625109000,干家村委会,village,5,520625,,,220,f,f,f,,,,贵州省,铜仁市,印江土家族苗族自治县,新寨镇,干家村委会
520625109205,520625109000,茶园村委会,village,5,520625,,,220,f,f,f,,,,贵州省,铜仁市,印江土家族苗族自治县,新寨镇,茶园村委会
520625109206,520625109000,雁水村委会,village,5,520625,,,220,f,f,f,,,,贵州省,铜仁市,印江土家族苗族自治县,新寨镇,雁水村委会
520625109207,520625109000,卷子村委会,village,5,520625,,,220,f,f,f,,,,贵州省,铜仁市,印江土家族苗族自治县,新寨镇,卷子村委会
520625109208,520625109000,新坪村委会,village,5,520625,,,220,f,f,f,,,,贵州省,铜仁市,印江土家族苗族自治县,新寨镇,新坪村委会
520625109209,520625109000,撕栗村委会,village,5,520625,,,220,f,f,f,,,,贵州省,铜仁市,印江土家族苗族自治县,新寨镇,撕栗村委会
520625109210,520625109000,后坝村委会,village,5,520625,,,220,f,f,f,,,,贵州省,铜仁市,印江土家族苗族自治县,新寨镇,后坝村委会
520625109211,520625109000,凯望村委会,village,5,520625,,,220,f,f,f,,,,贵州省,铜仁市,印江土家族苗族自治县,新寨镇,凯望村委会
520625109212,520625109000,龙塘村委会,village,5,520625,,,220,f,f,f,,,,贵州省,铜仁市,印江土家族苗族自治县,新寨镇,龙塘村委会
520625109213,520625109000,泗塘村委会,village,5,520625,,,220,f,f,f,,,,贵州省,铜仁市,印江土家族苗族自治县,新寨镇,泗塘村委会
520625109214,520625109000,凤和村委会,village,5,520625,,,220,f,f,f,,,,贵州省,铜仁市,印江土家族苗族自治县,新寨镇,凤和村委会
520625109215,520625109000,高峰村委会,village,5,520625,,,220,f,f,f,,,,贵州省,铜仁市,印江土家族苗族自治县,新寨镇,高峰村委会
520625109216,520625109000,乐洋村委会,village,5,520625,,,220,f,f,f,,,,贵州省,铜仁市,印江土家族苗族自治县,新寨镇,乐洋村委会
520625109217,520625109000,板山村委会,village,5,520625,,,220,f,f,f,,,,贵州省,铜仁市,印江土家族苗族自治县,新寨镇,板山村委会
520625109218,520625109000,陈家村委会,village,5,520625,,,220,f,f,f,,,,贵州省,铜仁市,印江土家族苗族自治县,新寨镇,陈家村委会
520625109219,520625109000,晋家村委会,village,5,520625,,,220,f,f,f,,,,贵州省,铜仁市,印江土家族苗族自治县,新寨镇,晋家村委会
520625109220,520625109000,旦坡村委会,village,5,520625,,,220,f,f,f,,,,贵州省,铜仁市,印江土家族苗族自治县,新寨镇,旦坡村委会
520625109221,520625109000,龙井村委会,village,5,520625,,,121,f,f,f,,,,贵州省,铜仁市,印江土家族苗族自治县,新寨镇,龙井村委会
520625110201,520625110000,杉树村委会,village,5,520625,,,121,f,f,f,,,,贵州省,铜仁市,印江土家族苗族自治县,杉树镇,杉树村委会
520625110202,520625110000,联营村委会,village,5,520625,,,121,f,f,f,,,,贵州省,铜仁市,印江土家族苗族自治县,杉树镇,联营村委会
520625110203,520625110000,群联村委会,village,5,520625,,,220,f,f,f,,,,贵州省,铜仁市,印江土家族苗族自治县,杉树镇,群联村委会
520625110204,520625110000,永靖村委会,village,5,520625,,,220,f,f,f,,,,贵州省,铜仁市,印江土家族苗族自治县,杉树镇,永靖村委会
520625110205,520625110000,孟郊村委会,village,5,520625,,,220,f,f,f,,,,贵州省,铜仁市,印江土家族苗族自治县,杉树镇,孟郊村委会
520625110206,520625110000,新村村委会,village,5,520625,,,220,f,f,f,,,,贵州省,铜仁市,印江土家族苗族自治县,杉树镇,新村村委会
520625110207,520625110000,新华村委会,village,5,520625,,,220,f,f,f,,,,贵州省,铜仁市,印江土家族苗族自治县,杉树镇,新华村委会
520625110208,520625110000,顾家村委会,village,5,520625,,,220,f,f,f,,,,贵州省,铜仁市,印江土家族苗族自治县,杉树镇,顾家村委会
520625110209,520625110000,灯塔村委会,village,5,520625,,,220,f,f,f,,,,贵州省,铜仁市,印江土家族苗族自治县,杉树镇,灯塔村委会
520625110210,520625110000,对马村委会,village,5,520625,,,121,f,f,f,,,,贵州省,铜仁市,印江土家族苗族自治县,杉树镇,对马村委会
520625110211,520625110000,大坪村委会,village,5,520625,,,220,f,f,f,,,,贵州省,铜仁市,印江土家族苗族自治县,杉树镇,大坪村委会
520625110212,520625110000,杨家村委会,village,5,520625,,,220,f,f,f,,,,贵州省,铜仁市,印江土家族苗族自治县,杉树镇,杨家村委会
520625110213,520625110000,冉家村委会,village,5,520625,,,220,f,f,f,,,,贵州省,铜仁市,印江土家族苗族自治县,杉树镇,冉家村委会
520625110214,520625110000,大罗村委会,village,5,520625,,,220,f,f,f,,,,贵州省,铜仁市,印江土家族苗族自治县,杉树镇,大罗村委会
520625110215,520625110000,新宅村委会,village,5,520625,,,220,f,f,f,,,,贵州省,铜仁市,印江土家族苗族自治县,杉树镇,新宅村委会
520625110216,520625110000,黄土村委会,village,5,520625,,,220,f,f,f,,,,贵州省,铜仁市,印江土家族苗族自治县,杉树镇,黄土村委会
520625110217,520625110000,大寨村委会,village,5,520625,,,220,f,f,f,,,,贵州省,铜仁市,印江土家族苗族自治县,杉树镇,大寨村委会
520625111201,520625111000,刀坝村委会,village,5,520625,,,121,f,f,f,,,,贵州省,铜仁市,印江土家族苗族自治县,刀坝镇,刀坝村委会
520625111202,520625111000,下寨坝村委会,village,5,520625,,,121,f,f,f,,,,贵州省,铜仁市,印江土家族苗族自治县,刀坝镇,下寨坝村委会
520625111203,520625111000,南家村委会,village,5,520625,,,220,f,f,f,,,,贵州省,铜仁市,印江土家族苗族自治县,刀坝镇,南家村委会
520625111204,520625111000,保河村委会,village,5,520625,,,220,f,f,f,,,,贵州省,铜仁市,印江土家族苗族自治县,刀坝镇,保河村委会
520625111205,520625111000,席联村委会,village,5,520625,,,220,f,f,f,,,,贵州省,铜仁市,印江土家族苗族自治县,刀坝镇,席联村委会
520625111206,520625111000,来安村委会,village,5,520625,,,220,f,f,f,,,,贵州省,铜仁市,印江土家族苗族自治县,刀坝镇,来安村委会
520625111207,520625111000,玉岩村委会,village,5,520625,,,220,f,f,f,,,,贵州省,铜仁市,印江土家族苗族自治县,刀坝镇,玉岩村委会
520625111208,520625111000,庙坪村委会,village,5,520625,,,220,f,f,f,,,,贵州省,铜仁市,印江土家族苗族自治县,刀坝镇,庙坪村委会
520625111209,520625111000,大宅村委会,village,5,520625,,,220,f,f,f,,,,贵州省,铜仁市,印江土家族苗族自治县,刀坝镇,大宅村委会
520625111210,520625111000,共和村委会,village,5,520625,,,121,f,f,f,,,,贵州省,铜仁市,印江土家族苗族自治县,刀坝镇,共和村委会
520625111211,520625111000,会堡村委会,village,5,520625,,,220,f,f,f,,,,贵州省,铜仁市,印江土家族苗族自治县,刀坝镇,会堡村委会
520625111212,520625111000,联丰村委会,village,5,520625,,,220,f,f,f,,,,贵州省,铜仁市,印江土家族苗族自治县,刀坝镇,联丰村委会
520625111213,520625111000,白金村委会,village,5,520625,,,220,f,f,f,,,,贵州省,铜仁市,印江土家族苗族自治县,刀坝镇,白金村委会
520625111214,520625111000,兰克寨村委会,village,5,520625,,,220,f,f,f,,,,贵州省,铜仁市,印江土家族苗族自治县,刀坝镇,兰克寨村委会
520625111215,520625111000,安家坝村委会,village,5,520625,,,121,f,f,f,,,,贵州省,铜仁市,印江土家族苗族自治县,刀坝镇,安家坝村委会
520625111216,520625111000,青狮村委会,village,5,520625,,,220,f,f,f,,,,贵州省,铜仁市,印江土家族苗族自治县,刀坝镇,青狮村委会
520625111217,520625111000,田坝村委会,village,5,520625,,,220,f,f,f,,,,贵州省,铜仁市,印江土家族苗族自治县,刀坝镇,田坝村委会
520625111218,520625111000,毛坝村委会,village,5,520625,,,220,f,f,f,,,,贵州省,铜仁市,印江土家族苗族自治县,刀坝镇,毛坝村委会
520625111219,520625111000,罗南溪村委会,village,5,520625,,,121,f,f,f,,,,贵州省,铜仁市,印江土家族苗族自治县,刀坝镇,罗南溪村委会
520625111220,520625111000,洞沟村委会,village,5,520625,,,220,f,f,f,,,,贵州省,铜仁市,印江土家族苗族自治县,刀坝镇,洞沟村委会
520625111221,520625111000,全民村委会,village,5,520625,,,220,f,f,f,,,,贵州省,铜仁市,印江土家族苗族自治县,刀坝镇,全民村委会
520625111222,520625111000,下大坪村委会,village,5,520625,,,220,f,f,f,,,,贵州省,铜仁市,印江土家族苗族自治县,刀坝镇,下大坪村委会
520625111223,520625111000,大屯村委会,village,5,520625,,,220,f,f,f,,,,贵州省,铜仁市,印江土家族苗族自治县,刀坝镇,大屯村委会
520625111224,520625111000,天坪村委会,village,5,520625,,,220,f,f,f,,,,贵州省,铜仁市,印江土家族苗族自治县,刀坝镇,天坪村委会
520625111225,520625111000,双河村委会,village,5,520625,,,220,f,f,f,,,,贵州省,铜仁市,印江土家族苗族自治县,刀坝镇,双河村委会
520625111226,520625111000,勤俭村委会,village,5,520625,,,220,f,f,f,,,,贵州省,铜仁市,印江土家族苗族自治县,刀坝镇,勤俭村委会
520625111227,520625111000,前寨村委会,village,5,520625,,,220,f,f,f,,,,贵州省,铜仁市,印江土家族苗族自治县,刀坝镇,前寨村委会
520625111228,520625111000,核桃坪村委会,village,5,520625,,,220,f,f,f,,,,贵州省,铜仁市,印江土家族苗族自治县,刀坝镇,核桃坪村委会
520625112201,520625112000,永义村委会,village,5,520625,,,121,f,f,f,,,,贵州省,铜仁市,印江土家族苗族自治县,紫薇镇,永义村委会
520625112202,520625112000,幕龙村委会,village,5,520625,,,121,f,f,f,,,,贵州省,铜仁市,印江土家族苗族自治县,紫薇镇,幕龙村委会
520625112203,520625112000,坝峨村委会,village,5,520625,,,220,f,f,f,,,,贵州省,铜仁市,印江土家族苗族自治县,紫薇镇,坝峨村委会
520625112204,520625112000,尖峰村委会,village,5,520625,,,220,f,f,f,,,,贵州省,铜仁市,印江土家族苗族自治县,紫薇镇,尖峰村委会
520625112205,520625112000,石前村委会,village,5,520625,,,220,f,f,f,,,,贵州省,铜仁市,印江土家族苗族自治县,紫薇镇,石前村委会
520625112206,520625112000,竹根坡村委会,village,5,520625,,,220,f,f,f,,,,贵州省,铜仁市,印江土家族苗族自治县,紫薇镇,竹根坡村委会
520625112207,520625112000,田家湾村委会,village,5,520625,,,220,f,f,f,,,,贵州省,铜仁市,印江土家族苗族自治县,紫薇镇,田家湾村委会
520625112208,520625112000,竹元村委会,village,5,520625,,,220,f,f,f,,,,贵州省,铜仁市,印江土家族苗族自治县,紫薇镇,竹元村委会
520625112209,520625112000,官寨村委会,village,5,520625,,,220,f,f,f,,,,贵州省,铜仁市,印江土家族苗族自治县,紫薇镇,官寨村委会
520625112210,520625112000,河坎村委会,village,5,520625,,,121,f,f,f,,,,贵州省,铜仁市,印江土家族苗族自治县,紫薇镇,河坎村委会
520625112211,520625112000,张家坝村委会,village,5,520625,,,220,f,f,f,,,,贵州省,铜仁市,印江土家族苗族自治县,紫薇镇,张家坝村委会
520625112212,520625112000,豆凑林村委会,village,5,520625,,,220,f,f,f,,,,贵州省,铜仁市,印江土家族苗族自治县,紫薇镇,豆凑林村委会
520625112213,520625112000,大面坡村委会,village,5,520625,,,220,f,f,f,,,,贵州省,铜仁市,印江土家族苗族自治县,紫薇镇,大面坡村委会
520625112214,520625112000,大水溪村委会,village,5,520625,,,220,f,f,f,,,,贵州省,铜仁市,印江土家族苗族自治县,紫薇镇,大水溪村委会
520625112215,520625112000,大园址村委会,village,5,520625,,,220,f,f,f,,,,贵州省,铜仁市,印江土家族苗族自治县,紫薇镇,大园址村委会
520625112216,520625112000,团龙村委会,village,5,520625,,,220,f,f,f,,,,贵州省,铜仁市,印江土家族苗族自治县,紫薇镇,团龙村委会
520625112217,520625112000,袁家林村委会,village,5,520625,,,220,f,f,f,,,,贵州省,铜仁市,印江土家族苗族自治县,紫薇镇,袁家林村委会
520625113201,520625113000,杨柳村委会,village,5,520625,,,121,f,f,f,,,,贵州省,铜仁市,印江土家族苗族自治县,杨柳镇,杨柳村委会
520625113202,520625113000,凯坪村委会,village,5,520625,,,220,f,f,f,,,,贵州省,铜仁市,印江土家族苗族自治县,杨柳镇,凯坪村委会
520625113203,520625113000,杨家寨村委会,village,5,520625,,,220,f,f,f,,,,贵州省,铜仁市,印江土家族苗族自治县,杨柳镇,杨家寨村委会
520625113204,520625113000,崔家山村委会,village,5,520625,,,122,f,f,f,,,,贵州省,铜仁市,印江土家族苗族自治县,杨柳镇,崔家山村委会
520625113205,520625113000,新屯村委会,village,5,520625,,,220,f,f,f,,,,贵州省,铜仁市,印江土家族苗族自治县,杨柳镇,新屯村委会
520625113206,520625113000,白虎咀村委会,village,5,520625,,,220,f,f,f,,,,贵州省,铜仁市,印江土家族苗族自治县,杨柳镇,白虎咀村委会
520625113207,520625113000,茶山村委会,village,5,520625,,,220,f,f,f,,,,贵州省,铜仁市,印江土家族苗族自治县,杨柳镇,茶山村委会
520625113208,520625113000,竹林村委会,village,5,520625,,,220,f,f,f,,,,贵州省,铜仁市,印江土家族苗族自治县,杨柳镇,竹林村委会
520625113209,520625113000,何家村委会,village,5,520625,,,220,f,f,f,,,,贵州省,铜仁市,印江土家族苗族自治县,杨柳镇,何家村委会
520625113210,520625113000,中心村委会,village,5,520625,,,220,f,f,f,,,,贵州省,铜仁市,印江土家族苗族自治县,杨柳镇,中心村委会
520625113211,520625113000,大路村委会,village,5,520625,,,220,f,f,f,,,,贵州省,铜仁市,印江土家族苗族自治县,杨柳镇,大路村委会
520625113212,520625113000,中山村委会,village,5,520625,,,220,f,f,f,,,,贵州省,铜仁市,印江土家族苗族自治县,杨柳镇,中山村委会
520625113213,520625113000,大兴村委会,village,5,520625,,,220,f,f,f,,,,贵州省,铜仁市,印江土家族苗族自治县,杨柳镇,大兴村委会
520625206201,520625206000,罗场村委会,village,5,520625,,,210,f,f,f,,,,贵州省,铜仁市,印江土家族苗族自治县,罗场乡,罗场村委会
520625206202,520625206000,竹园村委会,village,5,520625,,,210,f,f,f,,,,贵州省,铜仁市,印江土家族苗族自治县,罗场乡,竹园村委会
520625206203,520625206000,佐坪村委会,village,5,520625,,,220,f,f,f,,,,贵州省,铜仁市,印江土家族苗族自治县,罗场乡,佐坪村委会
520625206204,520625206000,青龙村委会,village,5,520625,,,220,f,f,f,,,,贵州省,铜仁市,印江土家族苗族自治县,罗场乡,青龙村委会
520625206205,520625206000,合群村委会,village,5,520625,,,220,f,f,f,,,,贵州省,铜仁市,印江土家族苗族自治县,罗场乡,合群村委会
520625206206,520625206000,清河村委会,village,5,520625,,,220,f,f,f,,,,贵州省,铜仁市,印江土家族苗族自治县,罗场乡,清河村委会
520625206207,520625206000,李家寨村委会,village,5,520625,,,220,f,f,f,,,,贵州省,铜仁市,印江土家族苗族自治县,罗场乡,李家寨村委会
520625206208,520625206000,坪窝村委会,village,5,520625,,,220,f,f,f,,,,贵州省,铜仁市,印江土家族苗族自治县,罗场乡,坪窝村委会
520625206209,520625206000,两河村委会,village,5,520625,,,220,f,f,f,,,,贵州省,铜仁市,印江土家族苗族自治县,罗场乡,两河村委会
520625206210,520625206000,寨口村委会,village,5,520625,,,220,f,f,f,,,,贵州省,铜仁市,印江土家族苗族自治县,罗场乡,寨口村委会
520625206211,520625206000,快场村委会,village,5,520625,,,220,f,f,f,,,,贵州省,铜仁市,印江土家族苗族自治县,罗场乡,快场村委会
520625206212,520625206000,茶园村委会,village,5,520625,,,220,f,f,f,,,,贵州省,铜仁市,印江土家族苗族自治县,罗场乡,茶园村委会
520625206213,520625206000,广东坪村委会,village,5,520625,,,220,f,f,f,,,,贵州省,铜仁市,印江土家族苗族自治县,罗场乡,广东坪村委会
520625206214,520625206000,岭丰村委会,village,5,520625,,,220,f,f,f,,,,贵州省,铜仁市,印江土家族苗族自治县,罗场乡,岭丰村委会
520625206215,520625206000,靛厂村委会,village,5,520625,,,220,f,f,f,,,,贵州省,铜仁市,印江土家族苗族自治县,罗场乡,靛厂村委会
